{"cameraMode":{"drawMode":0,"name":"Shaded","section":"Shading Mode"},"sceneLighting":false,"audioPlay":false,"sceneViewState":{"showFog":true,"showMaterialUpdate":false,"showSkybox":false,"showFlares":true,"showImageEffects":true,"showParticleSystems":true},"in2DMode":false,"pivot":{"x":-7.052167892456055,"y":-53.400001525878909,"z":-1.2999999523162842},"rotation":{"x":0.020989393815398217,"y":-0.029387284070253373,"z":0.0006172234425321221,"w":0.999347984790802},"size":1.0935845375061036,"orthographic":false}